{
 "predictors": [
  "cTiter_x",
  "ne_star"
 ],
 "cv_error_mean": 5.770783538403719,
 "cv_error_std": 1.4991619493657264,
 "coefficients_mean": [
  1.388419191173897,
  -1.0196998082546909
 ],
 "coefficients_std": [
  0.18139528436973237,
  0.4393284737568344
 ],
 "mean_stds_mean": [
  0.04705556628842842,
  1.1405240069244975
 ],
 "mean_stds_std": [
  0.029621520824812807,
  0.036754535005899855
 ],
 "cost_function": "diffsum",
 "l1_lambda": 0.1,
 "delta_months": 12,
 "training_window": 6,
 "pseudocount": null
}