{
 "predictors": [
  "lbi",
  "cTiter",
  "ne_star"
 ],
 "cv_error_mean": -0.07069620813945593,
 "cv_error_std": 0.21466975765686896,
 "coefficients_mean": [
  2.09630104045235,
  0.015319574644661788,
  -1.9204618775671114
 ],
 "coefficients_std": [
  0.26437451323963285,
  0.07504823652811919,
  1.1033717708479447
 ],
 "mean_stds_mean": [
  0.09250717533932405,
  0.42695961997457665,
  1.3053416256446349
 ],
 "mean_stds_std": [
  0.004233397382654953,
  0.13925260838772968,
  0.08944510806316106
 ],
 "cost_function": "diffsum",
 "l1_lambda": 0.015,
 "delta_months": 12,
 "training_window": 6,
 "pseudocount": null
}