{
 "predictors": [
  "lbi"
 ],
 "cv_error_mean": 0.05298693145817595,
 "cv_error_std": 0.23548529943438584,
 "coefficients_mean": [
  2.2638728448275884
 ],
 "coefficients_std": [
  1.0664553118823712
 ],
 "mean_stds_mean": [
  0.09893824768380016
 ],
 "mean_stds_std": [
  0.016706561908521437
 ],
 "cost_function": "diffsum",
 "l1_lambda": 0.015,
 "delta_months": 12,
 "training_window": 6,
 "pseudocount": null
}